feature,VIF
const,47.01473298122315
kelas_rumah_sakit_B,4.136857577182106
kelas_rumah_sakit_C,4.866884061527326
kelas_rumah_sakit_D,4.22215023431527
kepemilikan_Pemerintah Daerah,6.561881020315359
kepemilikan_Pemerintah Pusat,2.9247382473567027
kepemilikan_Swasta,6.761434928982733
kepemilikan_Tni/Polri,3.2662967347603398
region_Jawa,1.4903063527821026
region_Kalimantan,1.510404670455347
region_Sulawesi,1.5399996630287323
region_Sumatera,1.678926261241979
