feature,VIF
const,9.558839272898743
anggaran_it_tahunan_juta_rupiah,2.101506009635734
jumlah_staf_it,1.2579427731177346
jumlah_perangkat_iot,1.4942131054066417
kunjungan_telemedicine_per_bulan,1.8954616765334609
